NAME,AGE,GENDER,PHONE SCREEN TIME,FREQUENCY,Anxiety/Stress Away From Phone,Feeling Without Phone,SOCIAL ENGAGEMENT,Reduction Success,Focus Ability,Phone Impact on Lifestyle,sleep time,SUM
Junette Griffin,22,Female,2-3 hours,3,2,4,3,2,4,4,4,26
Donn Ricoald,32,Male,1-2 hours,4,4,3,1,3,3,4,3,25
Brandon Gush,33,Male,More than 5 hours,2,1,2,4,1,3,2,3,18
Roger Littlekit,19,Male,2-3 hours,2,3,2,2,1,2,2,2,16
Clarke Sterricks,27,Male,1-2 hours,4,4,3,1,3,3,3,3,24
Terese Cavaney,21,Female,3-4 hours,2,3,2,1,3,3,1,3,18
Hamil Iddon,16,Male,2-3 hours,4,4,4,1,3,4,3,4,27
Ty Byrkmyr,24,Male,More than 5 hours,3,4,4,1,3,3,3,2,23
Sharline Skain,38,Female,More than 5 hours,4,4,3,1,4,4,4,4,28
Jared Mackley,26,Male,More than 5 hours,4,3,3,1,3,3,3,3,23
Sayre Vawton,38,Male,2-3 hours,4,3,4,1,4,4,3,3,26
Decca Pocknoll,26,Male,More than 5 hours,1,2,1,3,2,2,1,2,14
Joelynn Pickerin,22,Female,More than 5 hours,4,4,3,1,3,3,3,3,24
Adela Wiszniewski,29,Female,2-3 hours,1,1,1,2,1,2,1,2,11
Jennica Camden,22,Female,3-4 hours,4,3,3,1,3,3,4,4,25
Eva Pool,40,Female,More than 5 hours,2,2,3,1,3,1,2,1,15
Yankee Bradnock,32,Male,2-3 hours,2,2,1,3,1,1,2,1,13
Audi Revill,34,Female,1-2 hours,3,4,2,2,3,2,2,2,20
Stephani Blunderfield,38,Female,3-4 hours,4,3,4,1,4,4,3,4,27
La verne Cuell,22,Female,More than 5 hours,3,2,2,3,4,3,2,3,22
Francyne Treadaway,39,Female,2-3 hours,4,4,4,1,4,3,4,4,28
Eugen Sidden,31,Male,More than 5 hours,4,4,4,1,4,3,4,3,27
Jerad Vears,15,Male,More than 5 hours,1,2,2,4,1,1,2,1,14
Lura Domegan,22,Female,3-4 hours,2,2,2,2,3,1,1,1,14
Yorgo Cheverton,33,Male,3-4 hours,4,3,3,1,4,3,4,3,25
Esra Oldis,33,Male,More than 5 hours,2,2,2,3,3,3,2,3,20
Napoleon Shutt,25,Male,3-4 hours,4,4,4,1,4,4,3,3,27
Rozina Sandeman,23,Non-binary,More than 5 hours,4,4,3,1,4,3,3,4,26
Belinda Pawlett,32,Female,More than 5 hours,1,2,2,3,1,1,2,1,13
Batholomew Mattielli,16,Male,More than 5 hours,4,4,3,1,3,3,3,3,24
Dolf Gregoretti,20,Male,1-2 hours,4,4,3,1,4,3,4,3,26
Lexy McCleary,32,Female,1-2 hours,2,2,2,1,3,1,3,2,16
Kenon Gethins,29,Male,2-3 hours,3,2,2,2,3,3,3,3,21
Clara Hargitt,21,Female,More than 5 hours,3,3,2,2,4,4,3,2,23
Marcellus Lahive,15,Male,2-3 hours,2,3,2,1,3,3,1,2,17
Seymour Baniard,28,Male,More than 5 hours,2,2,2,2,1,2,2,3,16
Nadine Mushart,22,Female,2-3 hours,2,3,1,1,1,1,2,2,13
Jerald Conaghan,30,Male,More than 5 hours,1,2,1,4,2,2,2,2,16
Iggy Fieldhouse,40,Male,2-3 hours,2,2,1,2,2,3,3,3,18
Jan Niblo,29,Male,3-4 hours,1,1,2,1,1,1,1,2,10
Tarrah Swynfen,37,Female,More than 5 hours,1,1,1,2,2,1,1,1,10
Kara-lynn Zecchini,40,Female,3-4 hours,4,3,4,1,3,4,3,3,25
Viole Taye,31,Female,1-2 hours,4,3,4,1,4,3,3,4,26
Augusta Boost,23,Non-binary,2-3 hours,3,4,2,1,2,3,2,3,20
Gage Revan,20,Male,3-4 hours,4,4,3,1,4,3,3,3,25
Ches Collison,21,Genderqueer,3-4 hours,1,2,2,2,2,2,2,2,15
Letty Rohlfs,37,Female,1-2 hours,2,1,3,2,1,1,2,1,13
Stormie Nickell,29,Female,More than 5 hours,2,2,2,4,2,3,2,2,19
Sidney Feldmark,18,Male,2-3 hours,2,1,2,1,3,3,1,3,16
Chevy Flucker,21,Male,1-2 hours,2,2,3,2,1,1,3,3,17
Rosmunda Balharry,39,Female,3-4 hours,4,3,3,1,3,4,4,4,26
Arlee Startin,22,Female,3-4 hours,4,4,3,1,4,3,3,4,26
Leah Albertson,15,Female,2-3 hours,3,4,4,1,2,2,3,4,23
Marlene Audenis,29,Female,1-2 hours,2,3,2,1,3,1,2,1,15
Nissa Conibeer,17,Female,3-4 hours,4,3,3,1,3,4,4,4,26
Cheslie Savery,19,Female,1-2 hours,1,1,2,4,1,1,1,1,12
Cooper Baird,15,Male,More than 5 hours,2,2,3,1,3,3,3,3,20
Agata Petett,17,Female,3-4 hours,2,1,1,1,3,2,1,2,13
Kaylil Croxford,23,Female,More than 5 hours,2,1,3,3,1,3,1,2,16
Raina Feldberger,23,Female,3-4 hours,2,1,1,1,2,2,2,2,13
Colline Overthrow,35,Female,More than 5 hours,4,4,4,1,4,4,4,3,28
Zed Worters,32,Male,More than 5 hours,3,4,3,1,3,4,2,4,24
Antony Simonyi,31,Male,More than 5 hours,4,3,3,1,4,3,3,3,24
Adora Mc Meekin,35,Female,1-2 hours,2,2,3,3,2,3,3,2,20
Heath Cumbers,16,Male,2-3 hours,4,3,3,1,3,3,4,3,24
Bryn Tidcombe,22,Female,More than 5 hours,4,3,4,1,4,3,4,3,26
Aila Peeke-Vout,28,Female,1-2 hours,1,1,2,3,2,2,2,2,15
Darryl Standish-Brooks,21,Genderqueer,1-2 hours,3,2,2,4,4,4,3,4,26
Chaddie Castelow,27,Male,More than 5 hours,4,3,4,1,4,3,4,4,27
Errick Vickors,17,Male,1-2 hours,3,2,3,1,4,3,2,4,22
Ernesta Strang,19,Female,1-2 hours,4,4,4,1,4,3,4,3,27
Dian Cowthard,17,Female,More than 5 hours,4,3,4,1,3,3,3,4,25
Malchy Twitching,33,Male,More than 5 hours,2,2,3,3,2,2,3,2,19
Marge Ogley,31,Female,More than 5 hours,2,3,3,1,1,2,2,1,15
Marcel Hurren,27,Non-binary,1-2 hours,1,1,1,4,1,1,2,2,13
Goraud Lusgdin,17,Male,2-3 hours,4,3,3,1,3,3,4,4,25
Hugh Bolver,24,Male,2-3 hours,4,4,3,1,3,4,3,4,26
Rogerio Favel,20,Polygender,2-3 hours,2,2,1,3,2,2,1,2,15
Waylon Radclyffe,22,Male,2-3 hours,4,3,4,1,3,4,3,4,26
Sandy Sterndale,31,Non-binary,3-4 hours,4,4,3,1,4,4,4,3,27
Danit Ditzel,15,Female,1-2 hours,1,1,2,2,1,2,2,1,12
Roma Fernandes,31,Male,2-3 hours,3,4,3,3,3,4,3,4,27
Laurie Goolden,38,Female,2-3 hours,4,4,4,1,4,4,4,4,29
Rozalin Forsythe,27,Female,2-3 hours,2,1,1,1,2,3,2,1,13
Tadeo Shildrake,24,Male,2-3 hours,4,4,4,1,4,3,4,3,27
Jeremias Hansod,39,Male,3-4 hours,4,4,3,1,4,4,4,4,28
Calley Colloff,26,Female,2-3 hours,4,3,3,1,4,3,3,4,25
Drew Medhurst,40,Male,1-2 hours,4,4,3,1,4,4,3,4,27
Kristoforo Valois,17,Male,More than 5 hours,4,3,3,1,3,3,3,4,24
Ginnie Melding,15,Female,3-4 hours,3,4,2,2,4,3,2,3,23
Blake Broggelli,15,Female,1-2 hours,1,1,2,4,1,2,1,1,13
Helenka Nazair,33,Female,2-3 hours,4,4,3,1,3,3,4,3,25
King Fawdrie,31,Male,3-4 hours,2,1,3,1,1,3,2,2,15
Wynne Selway,32,Female,2-3 hours,1,2,2,3,1,2,1,2,14
Marena Trimbey,34,Female,3-4 hours,1,1,2,3,1,1,1,2,12
Sholom Jina,15,Male,1-2 hours,1,2,2,2,1,1,1,2,12
Sadye Eldred,29,Agender,3-4 hours,3,2,3,4,4,2,2,3,23
Cristy Roderick,34,Female,1-2 hours,2,2,2,4,2,3,2,3,20
Frieda Ennor,38,Female,3-4 hours,3,2,4,2,3,4,3,3,24
Arty Moncreif,27,Male,1-2 hours,1,2,2,1,1,2,2,1,12
Lynnet Jeakins,30,Female,1-2 hours,2,2,1,1,1,1,2,1,11
Roland Learmonth,15,Male,2-3 hours,3,3,2,4,4,4,3,3,26
Ali Alison,37,Female,More than 5 hours,3,4,3,4,2,4,3,4,27
Fair MacComiskey,32,Male,2-3 hours,2,1,2,1,1,1,1,3,12
Hanan Ebbles,36,Male,1-2 hours,3,2,2,2,3,4,3,3,22
Monroe Greenrod,21,Male,1-2 hours,2,2,3,2,2,2,1,2,16
Tulley Moyer,20,Male,2-3 hours,4,3,4,1,3,3,4,3,25
Paten Kittles,40,Male,2-3 hours,2,1,3,4,2,2,2,2,18
Leontine Faich,23,Female,2-3 hours,4,4,4,1,3,4,3,3,26
Leisha Gettins,20,Female,2-3 hours,4,3,4,1,4,3,3,4,26
Rickie Billyeald,36,Female,3-4 hours,2,3,2,1,2,1,1,2,14
Gil Barrington,33,Male,More than 5 hours,4,3,3,1,4,3,3,3,24
Simona Gartin,23,Female,More than 5 hours,2,3,1,1,3,1,3,1,15
Karim Stayt,33,Male,3-4 hours,3,4,2,3,4,2,4,2,24
Elvin Harower,26,Male,2-3 hours,3,3,2,3,4,3,3,4,25
Beck Wahner,28,Male,More than 5 hours,4,4,4,1,3,4,3,3,26
Aymer Mercik,17,Male,3-4 hours,1,1,2,2,2,2,1,1,12
Lucy Kmieciak,22,Female,2-3 hours,4,3,3,1,3,3,3,4,24
Carlen St Quenin,23,Female,1-2 hours,2,1,2,2,3,2,1,1,14
Hieronymus March,38,Male,More than 5 hours,2,3,1,2,2,2,2,3,17
Herminia Swaffer,25,Female,2-3 hours,4,4,4,1,4,3,3,4,27
Brendan Stratford,17,Male,More than 5 hours,4,3,3,1,4,3,3,3,24
Jobie Stansell,34,Female,More than 5 hours,2,1,2,4,1,1,3,1,15
Ivy Roney,24,Female,1-2 hours,1,2,1,1,2,1,1,1,10
Geralda McInteer,16,Agender,1-2 hours,2,1,1,2,1,1,3,2,13
Yelena Mance,28,Genderqueer,3-4 hours,2,1,2,3,2,2,1,2,15
Gerti Sive,27,Female,More than 5 hours,4,4,4,1,4,3,3,4,27
Caresa Craigs,36,Female,1-2 hours,1,1,2,1,1,1,1,1,9
Garry Kilduff,36,Male,2-3 hours,3,2,2,1,4,2,4,3,21
Virge Snowden,36,Male,1-2 hours,4,4,4,1,3,3,4,4,27
Anallese Eberst,19,Female,More than 5 hours,3,3,3,2,4,4,3,2,24
Ty Matheson,32,Male,2-3 hours,1,2,2,2,2,1,2,2,14
Betteann Cocke,15,Female,1-2 hours,1,2,1,4,1,2,1,2,14
Vanny Sandford,37,Female,More than 5 hours,1,1,1,4,1,1,1,1,11
Skell Minchinden,31,Male,More than 5 hours,2,3,3,3,3,3,3,2,22
Dall Fer,36,Male,2-3 hours,2,2,1,3,2,1,2,3,16
Fidelity Ney,30,Polygender,1-2 hours,2,2,3,3,3,1,3,1,18
Bink Harlowe,28,Male,3-4 hours,2,2,1,3,1,3,3,3,18
Ulrica Sollis,26,Female,More than 5 hours,3,4,2,1,2,3,3,3,21
Dannel Ricard,22,Male,3-4 hours,4,4,3,1,4,4,3,4,27
Jasmina Goshawke,39,Female,2-3 hours,4,3,3,1,4,3,4,3,25
Gus Gouldeby,33,Male,1-2 hours,1,2,1,1,2,2,2,2,13
Errol Bradbeer,18,Male,More than 5 hours,3,2,3,1,2,2,2,3,18
Rob Pavek,28,Male,More than 5 hours,3,3,4,1,3,3,3,3,23
Gamaliel Wolfarth,17,Male,3-4 hours,3,2,4,3,3,3,3,2,23
Gabi Detoile,27,Female,More than 5 hours,2,1,2,2,3,2,1,1,14
Kalil Kubczak,26,Male,More than 5 hours,2,1,1,4,1,3,3,3,18
Gaelan Skeldinge,35,Male,3-4 hours,3,4,2,1,3,4,2,4,23
Demetris Anney,25,Male,More than 5 hours,2,1,1,4,3,2,1,2,16
Chantalle Schimke,16,Female,More than 5 hours,2,1,1,2,2,2,1,1,12
Courtnay Glavis,24,Male,3-4 hours,4,3,3,1,4,4,4,3,26
Jacquelyn Humby,22,Female,1-2 hours,3,3,4,3,2,3,2,3,23
Kerrill Lauks,30,Female,More than 5 hours,4,4,4,1,3,3,3,4,26
Rudd Noto,39,Male,1-2 hours,4,3,3,1,4,3,3,4,25
Gwenni Carver,36,Female,3-4 hours,1,1,2,4,1,2,2,2,15
Jolynn Strelitzki,16,Genderqueer,2-3 hours,2,3,2,2,1,2,3,1,16
Susi Crane,15,Female,More than 5 hours,2,3,3,2,1,2,2,3,18
Shellie Goddard,39,Female,1-2 hours,3,2,2,4,2,2,3,4,22
Page Tilson,35,Male,1-2 hours,1,2,1,4,2,2,1,1,14
Vanya Legrand,17,Male,1-2 hours,4,4,3,1,3,3,3,3,24
Lorne Collcutt,29,Male,More than 5 hours,4,4,3,1,4,4,4,4,28
Bertrand McCreagh,24,Male,More than 5 hours,2,1,2,2,3,3,3,3,19
Berton Feechan,20,Male,More than 5 hours,2,3,2,2,1,2,2,2,16
Prentiss Craydon,28,Male,2-3 hours,4,4,4,1,4,3,3,3,26
Ashlie Ottawell,18,Female,1-2 hours,1,1,1,3,2,1,2,1,12
Angy Martyns,16,Genderqueer,2-3 hours,4,3,4,1,4,3,4,4,27
Maurizia Bareham,16,Female,2-3 hours,2,1,1,2,1,2,2,1,12
Leandra Petofi,21,Female,More than 5 hours,3,3,2,3,2,2,2,2,19
Son Charette,26,Male,More than 5 hours,1,2,2,4,1,1,2,2,15
Lena Shouler,40,Female,1-2 hours,2,3,2,3,3,2,3,1,19
Hillard Goforth,39,Male,2-3 hours,3,2,3,3,3,2,2,2,20
Marion Maxwell,26,Male,3-4 hours,3,3,2,4,4,3,4,3,26
Rowen Plascott,38,Male,More than 5 hours,2,3,2,1,2,1,3,3,17
Josh Antoinet,19,Male,2-3 hours,2,1,2,3,1,3,3,2,17
Alberta Payze,36,Female,2-3 hours,4,4,3,1,3,4,3,4,26
Judon Sudell,19,Male,1-2 hours,1,2,2,1,1,1,1,1,10
Devlin Waterhowse,32,Male,3-4 hours,4,4,3,1,3,3,3,3,24
Myranda Soames,31,Female,2-3 hours,1,1,2,4,1,1,2,2,14
Wendell Zaczek,35,Male,More than 5 hours,4,3,4,1,3,4,3,4,26
Paddie Danovich,27,Male,More than 5 hours,1,2,2,1,1,1,1,1,10
Nolly Buchan,38,Male,3-4 hours,4,4,3,1,4,4,4,4,28
Sebastian Connew,39,Male,1-2 hours,2,2,2,4,2,2,2,2,18
Keen Stenning,31,Agender,2-3 hours,4,3,3,1,3,4,4,4,26
Calida Karczinski,15,Female,3-4 hours,4,4,3,1,3,4,4,3,26
Hyacinthie Fiveash,22,Female,More than 5 hours,2,1,3,4,3,3,1,2,19
Rozalin Grog,15,Female,2-3 hours,1,2,1,1,2,2,1,2,12
Lemar Mepsted,34,Male,2-3 hours,2,2,2,4,1,3,1,3,18
Cherie Twelftree,18,Female,3-4 hours,1,2,2,4,2,2,2,1,16
Bertine Crampton,15,Female,1-2 hours,2,2,3,4,2,1,3,3,20
Rosalyn Bainbrigge,31,Non-binary,More than 5 hours,2,3,2,3,2,2,2,1,17
Carita Yakolev,32,Genderfluid,1-2 hours,4,3,4,1,3,4,3,4,26
Waldon Bantock,29,Male,1-2 hours,2,2,1,4,2,1,1,1,14
Cilka Cisneros,16,Female,More than 5 hours,1,1,1,1,2,2,2,1,11
Cathrine Toop,18,Female,More than 5 hours,2,2,3,4,3,3,1,1,19
Ephraim Larne,34,Male,3-4 hours,2,3,2,4,2,3,3,3,22
Julienne Stretton,15,Female,1-2 hours,2,2,2,2,3,1,2,3,17
Nomi Pellew,26,Female,2-3 hours,1,1,2,1,1,1,1,2,10
Esra McGawn,39,Male,More than 5 hours,3,4,4,4,2,3,2,2,24
Leontyne Scrivinor,17,Agender,3-4 hours,2,1,2,2,1,3,1,2,14
Gardy Baumert,25,Male,1-2 hours,4,4,4,1,4,3,4,4,28
Nissie Hubert,26,Female,3-4 hours,2,3,3,1,3,2,2,1,17
Buddie O' Timony,32,Male,More than 5 hours,2,3,3,3,2,2,1,1,17
Carolina Spyvye,25,Female,3-4 hours,1,2,2,2,1,2,1,1,12
Sela Laxston,34,Female,3-4 hours,2,2,2,4,3,1,2,3,19
Avivah Abrams,38,Female,More than 5 hours,4,3,4,1,4,3,3,3,25
Debbie Gromley,39,Female,More than 5 hours,1,2,2,4,2,2,2,1,16
Lanny Licence,34,Female,1-2 hours,4,4,3,1,3,4,4,3,26
Gusella Collough,40,Female,1-2 hours,2,1,2,3,1,3,2,1,15
Mischa Houlston,19,Male,3-4 hours,4,3,4,1,4,3,4,3,26
Kamillah Demschke,31,Female,3-4 hours,1,2,2,3,1,2,1,1,13
Wayne Mullally,38,Male,1-2 hours,3,4,4,4,4,3,4,4,30
Brion Le Friec,17,Polygender,3-4 hours,4,4,4,1,4,3,4,4,28
Phil Danieli,23,Male,3-4 hours,2,2,3,2,2,3,2,2,18
Abner Satterlee,39,Male,More than 5 hours,2,1,3,3,2,2,2,1,16
Filmer Simmonite,35,Male,More than 5 hours,1,2,2,2,2,1,1,2,13
Deck Leas,16,Male,3-4 hours,4,4,3,1,4,3,4,3,26
Kittie Aburrow,15,Female,3-4 hours,1,2,2,4,2,2,1,1,15
Benn Borborough,17,Male,2-3 hours,2,2,1,1,1,2,3,1,13
Mar Trood,16,Male,More than 5 hours,2,2,2,2,3,1,1,1,14
Lynelle MacAlees,35,Female,2-3 hours,4,3,3,1,4,4,4,4,27
Blane Matterface,20,Male,More than 5 hours,1,1,2,3,2,1,2,1,13
Wendy Semmens,16,Female,More than 5 hours,4,4,3,1,4,4,3,3,26
Hurlee Shipman,36,Male,1-2 hours,3,2,2,4,4,4,3,2,24
Hendrik Korfmann,29,Male,3-4 hours,3,3,3,1,3,2,2,4,21
Reginald Tubridy,24,Male,3-4 hours,2,3,1,1,3,1,1,2,14
Katrine Hartles,38,Female,1-2 hours,4,3,4,1,4,4,4,4,28
Sherwynd Kenewel,20,Male,2-3 hours,2,3,2,1,1,2,2,3,16
Natale Dyte,25,Male,2-3 hours,3,3,3,4,3,4,4,2,26
Jeanie Worling,20,Female,More than 5 hours,1,2,1,3,2,2,2,2,15
Denis Auty,29,Male,3-4 hours,4,3,3,1,4,4,4,3,26
Roderick Roff,31,Male,3-4 hours,2,1,2,3,2,1,3,3,17
Constanta Northridge,25,Female,2-3 hours,3,4,2,3,4,4,4,3,27
Montgomery Sapena,33,Male,2-3 hours,4,3,4,1,3,3,4,4,26
Deanna Restieaux,29,Female,2-3 hours,2,1,3,2,1,1,2,1,13
Barrie Northey,26,Male,2-3 hours,4,4,4,1,3,3,3,4,26
Vernen Mertel,29,Male,1-2 hours,3,3,3,2,2,3,2,2,20
Tabby Toffoloni,39,Male,More than 5 hours,3,4,4,4,3,2,3,2,25
Abagail Knobell,39,Genderfluid,3-4 hours,2,2,2,2,2,1,2,1,14
Gay Lampen,40,Male,More than 5 hours,2,3,2,2,1,2,2,3,17
Natal Nigh,20,Male,3-4 hours,2,2,3,2,1,2,2,1,15
Nissy Bissill,25,Female,2-3 hours,4,4,3,1,3,3,3,3,24
Ros Reddie,24,Female,1-2 hours,4,4,4,1,4,4,4,4,29
Alayne Scougal,23,Female,More than 5 hours,1,1,2,2,1,1,2,1,11
Keene Frudd,28,Male,3-4 hours,4,3,3,1,4,3,3,4,25
Jenni Pendrick,16,Female,2-3 hours,4,3,3,1,4,4,3,4,26
Frank Hentzer,37,Male,2-3 hours,3,3,4,1,4,4,2,4,25
Cammy Garlic,39,Male,1-2 hours,1,2,1,4,2,2,1,1,14
Hewet Tyson,37,Male,1-2 hours,1,2,1,2,1,1,1,1,10
Rog Birkmyre,39,Agender,More than 5 hours,1,2,2,3,2,2,2,2,16
Karisa Eytel,25,Female,2-3 hours,1,1,2,2,1,2,1,2,12
Mala Sellens,38,Female,3-4 hours,1,2,2,4,2,2,2,2,17
Lewes Tilne,22,Male,3-4 hours,4,3,3,1,3,4,3,3,24
Dimitri Gapper,27,Male,3-4 hours,4,3,3,1,4,3,4,4,26
Tades Furbank,21,Male,More than 5 hours,2,2,3,4,3,1,2,2,19
Joelle Klemencic,20,Female,1-2 hours,4,3,3,1,4,4,4,3,26
Kayley Genn,35,Female,3-4 hours,4,4,4,1,4,3,4,3,27
Kellie Cormode,16,Female,More than 5 hours,2,2,1,3,1,3,1,2,15
Whitney Gutman,40,Male,More than 5 hours,2,1,3,3,2,3,1,3,18
Sigmund Opdenorth,30,Male,2-3 hours,4,3,4,1,4,3,4,3,26
Talia Wannell,16,Female,3-4 hours,3,2,3,2,3,3,3,2,21
Yasmin Sneezum,32,Female,3-4 hours,2,3,3,3,1,2,3,1,18
Dorelle Purkess,26,Female,More than 5 hours,4,3,4,1,4,4,3,4,27
Brnaby Habbal,33,Male,2-3 hours,4,3,4,1,3,4,3,4,26
Cherianne Gottelier,27,Female,3-4 hours,1,1,1,2,1,2,1,1,10
William Matyas,30,Male,More than 5 hours,2,1,2,3,1,3,1,3,16
Vilhelmina Michal,35,Polygender,2-3 hours,2,3,2,2,2,1,1,2,15
Helenelizabeth Blenkharn,32,Female,2-3 hours,4,4,4,1,4,4,3,3,27
Pattie Quickenden,20,Female,2-3 hours,2,3,1,1,3,2,2,1,15
Shanta Diprose,35,Female,3-4 hours,1,1,2,1,2,1,1,1,10
Francklin Crose,37,Male,1-2 hours,3,2,3,3,3,2,4,4,24
Milzie Jacketts,18,Agender,More than 5 hours,3,2,2,4,3,2,4,2,22
Patin Pittle,38,Male,More than 5 hours,3,4,2,1,4,4,4,4,26
Friederike Penhalewick,15,Genderqueer,More than 5 hours,3,3,4,2,2,4,4,2,24
Keriann Walworche,28,Female,More than 5 hours,4,3,3,1,4,4,3,3,25
Killie Pirson,31,Male,More than 5 hours,4,4,3,1,3,4,3,4,26
Glyn De Vries,19,Male,1-2 hours,4,4,4,1,4,4,4,3,28
Johnette Capelow,23,Female,1-2 hours,4,4,3,1,3,3,3,3,24
Mariette Littefair,37,Female,1-2 hours,1,2,1,4,2,1,2,2,15
Esmeralda Shallcroff,24,Female,More than 5 hours,4,3,3,1,3,4,3,4,25
Barclay Slyford,25,Male,2-3 hours,4,3,3,1,4,3,3,4,25
Emilio Ballendine,28,Male,3-4 hours,1,2,2,2,1,1,1,1,11
Melli Simmell,38,Genderqueer,2-3 hours,4,3,4,1,4,4,4,3,27
Fran Krochmann,40,Male,3-4 hours,2,2,1,4,3,3,2,3,20
Jenda O'Donegan,16,Female,1-2 hours,2,1,2,2,2,3,2,3,17
Mischa Errowe,36,Male,1-2 hours,2,1,3,1,3,3,1,2,16
Guglielma Beert,36,Agender,More than 5 hours,4,3,4,1,4,3,3,3,25
Avery Brightling,40,Male,2-3 hours,4,3,4,1,3,3,4,3,25
Adriaens Jaffrey,33,Female,2-3 hours,2,1,1,2,2,1,3,1,13
Janina Joint,36,Female,3-4 hours,3,3,4,2,3,4,3,2,24
Tobit Fermoy,40,Male,1-2 hours,2,3,1,3,3,2,2,1,17
Whitney Saltsberger,23,Male,1-2 hours,2,3,2,2,1,3,1,2,16
Kissie Morrallee,15,Female,3-4 hours,4,4,3,1,3,3,3,3,24
Mace McGourty,17,Bigender,1-2 hours,2,2,3,2,2,1,2,2,16
Kala Andraud,22,Non-binary,2-3 hours,4,3,4,1,4,3,4,4,27
Ethel Weakley,23,Female,More than 5 hours,1,1,1,4,1,1,1,1,11
Ingaborg Denerley,16,Female,More than 5 hours,4,3,4,1,4,4,4,4,28
Peirce Girkin,21,Genderfluid,3-4 hours,1,2,1,2,1,2,2,1,12
Josiah Scrivens,25,Male,More than 5 hours,4,4,4,1,4,4,3,4,28
Bernarr Caselli,25,Male,2-3 hours,1,1,2,4,2,1,1,1,13
Dianne Antic,30,Female,2-3 hours,2,3,2,4,3,3,1,1,19
Reade Belfitt,35,Male,More than 5 hours,4,4,4,1,3,3,3,4,26
Owen Grinikhinov,20,Male,2-3 hours,1,2,1,4,1,2,1,1,13
Garry Stollberg,26,Male,1-2 hours,1,1,1,4,2,1,2,2,14
Beatrice Kingsnode,28,Polygender,1-2 hours,2,3,3,1,3,1,3,3,19
Arney Medlicott,15,Genderfluid,3-4 hours,4,4,4,1,3,4,4,4,28
Tripp Carlan,17,Male,3-4 hours,3,2,2,1,4,3,3,2,20
Aliza Peggs,30,Female,3-4 hours,2,3,3,4,1,2,1,3,19
Mary Eagles,28,Female,2-3 hours,3,4,2,2,4,4,3,3,25
Georgette Creagh,16,Female,3-4 hours,1,2,2,3,2,1,1,2,14
Harald Tilly,40,Male,1-2 hours,1,1,2,2,1,1,1,2,11
Emlyn Kerridge,31,Female,More than 5 hours,1,2,1,4,1,2,2,2,15
Claude Threlkeld,17,Female,More than 5 hours,2,3,2,4,3,3,3,2,22
Sarine Noorwood,35,Female,3-4 hours,2,3,3,3,3,1,2,1,18
Carolan Tutt,35,Female,More than 5 hours,4,3,4,1,3,3,4,4,26
Gayle McCaughren,32,Female,More than 5 hours,3,3,4,1,3,3,2,4,23
Concordia Ebbins,40,Non-binary,2-3 hours,4,4,4,1,3,3,4,3,26
Mona Escala,23,Female,2-3 hours,4,4,3,1,3,4,4,4,27
Ellis Brader,18,Male,2-3 hours,2,2,2,2,2,2,3,3,18
Hannie Danev,27,Female,2-3 hours,1,1,1,3,1,1,2,1,11
Jard Champkin,33,Male,3-4 hours,2,2,2,3,2,3,2,1,17
Jacqui Brimblecomb,27,Female,1-2 hours,4,3,4,1,4,3,3,3,25
Amalia Hovell,30,Female,2-3 hours,4,4,3,1,4,3,3,4,26
Zackariah Farens,23,Male,2-3 hours,2,1,3,3,3,1,2,1,16
Meridith Chisman,22,Female,2-3 hours,4,3,3,1,4,3,3,4,25
Cornie Fowgies,34,Female,2-3 hours,2,1,1,1,2,1,3,3,14
Lauritz Brabham,22,Agender,2-3 hours,4,4,3,1,3,4,4,3,26
Aeriela Caillou,16,Female,3-4 hours,4,3,4,1,3,3,4,4,26
Wynnie Pollak,18,Female,More than 5 hours,2,1,1,2,1,1,2,1,11
Veronika Mulleary,15,Female,2-3 hours,3,2,4,2,3,4,2,3,23
Nester Billiard,27,Male,2-3 hours,2,1,2,2,3,1,2,1,14
Gabriel Nibley,36,Male,2-3 hours,1,2,1,3,1,1,2,2,13
Terri Lorman,15,Male,2-3 hours,2,3,1,3,2,3,2,1,17
Rouvin Heasman,31,Male,2-3 hours,4,4,3,1,4,3,4,4,27
Norina Grzelczyk,15,Female,More than 5 hours,2,1,1,3,1,1,1,2,12
Ulrick Bignall,15,Male,3-4 hours,4,4,3,1,3,4,3,3,25
Vaclav Luck,23,Male,3-4 hours,2,1,3,4,2,1,2,1,16
Thatcher Lindsey,34,Male,1-2 hours,4,4,4,1,4,4,4,3,28
Horatia Demkowicz,22,Non-binary,2-3 hours,2,2,2,2,1,2,2,1,14
Sapphira Hadgkiss,17,Female,3-4 hours,1,1,2,2,1,2,2,2,13
Izzy Horwell,17,Male,1-2 hours,3,3,4,2,4,3,2,4,25
Jacquenetta Chastanet,15,Female,2-3 hours,1,1,2,4,2,1,2,2,15
Tedie Couling,32,Male,2-3 hours,2,2,3,1,1,1,3,2,15
Ingemar Frudd,37,Male,More than 5 hours,1,2,1,3,1,2,1,2,13
Coleen Ollis,16,Female,3-4 hours,2,2,2,2,2,1,1,1,13
Candie Thelwll,28,Female,2-3 hours,2,2,2,3,2,2,3,2,18
Adolphe Dutnall,33,Male,More than 5 hours,4,4,3,1,3,4,4,4,27
Budd Mew,16,Male,3-4 hours,2,1,3,1,3,3,3,1,17
Chas Dinsale,20,Male,2-3 hours,2,2,3,2,2,1,2,2,16
Stillmann Ronnay,32,Male,2-3 hours,4,4,4,1,4,3,4,3,27
Fonzie Desesquelle,24,Male,3-4 hours,4,4,3,1,3,4,4,4,27
Mal Fenck,29,Male,1-2 hours,3,2,2,1,4,4,2,4,22
Lizbeth Redholls,39,Female,2-3 hours,2,2,1,1,3,3,3,1,16
Archibaldo Ambridge,39,Genderfluid,2-3 hours,1,1,1,4,1,1,1,2,12
Ursala MacLeod,21,Female,More than 5 hours,1,1,1,1,1,2,1,2,10
Karissa Kollasch,22,Female,2-3 hours,3,2,2,1,2,2,2,4,18
Abigale Huyche,15,Female,1-2 hours,2,1,2,2,2,2,3,1,15
Ripley Sinfield,19,Male,2-3 hours,3,4,2,2,3,2,4,3,23
Elonore Hansill,21,Female,3-4 hours,2,1,1,4,2,1,3,2,16
Aluin Blewmen,37,Male,2-3 hours,2,2,2,4,3,3,2,1,19
Berny Abelevitz,35,Non-binary,1-2 hours,2,1,2,2,3,3,3,1,17
Lorene Harrop,30,Female,2-3 hours,1,1,2,1,2,1,1,1,10
Kara Dugget,18,Female,1-2 hours,4,4,3,1,4,3,3,4,26
Alysa Timmermann,25,Female,3-4 hours,3,3,2,4,4,3,4,2,25
Katey Stoppe,27,Female,1-2 hours,2,2,1,4,2,1,2,2,16
Flore Ringwood,15,Female,2-3 hours,4,3,4,1,4,4,3,4,27
Arch Laurenzi,30,Male,2-3 hours,2,3,2,2,2,1,3,1,16
Corie Capsey,22,Female,2-3 hours,2,3,2,2,2,3,3,3,20
Kali Warhurst,26,Bigender,2-3 hours,2,1,1,3,3,2,2,1,15
Antoine Beecroft,23,Male,3-4 hours,2,2,3,1,3,1,3,2,17
Garrard Rohfsen,39,Male,2-3 hours,2,1,3,4,3,1,3,2,19
Chance O'Nions,16,Male,More than 5 hours,3,2,4,3,2,2,2,3,21
Maje Toffaloni,17,Male,2-3 hours,4,3,4,1,4,4,4,3,27
Rodney Borres,28,Polygender,More than 5 hours,3,4,2,2,4,4,3,4,26
Devlin Beswell,34,Male,2-3 hours,2,1,3,3,1,1,3,2,16
Neall Abotson,16,Male,3-4 hours,1,2,1,2,2,2,2,1,13
Kylen Lloyd,17,Non-binary,1-2 hours,2,1,3,3,2,3,3,3,20
Rex Youell,35,Male,1-2 hours,3,4,3,1,2,4,3,2,22
Daren Dale,35,Male,More than 5 hours,4,4,4,1,4,4,4,3,28
Micaela Tappin,39,Female,3-4 hours,1,1,2,4,2,2,2,1,15
Melinda Addams,27,Female,3-4 hours,3,2,3,2,3,4,4,2,23
Arlyn Forbear,39,Female,3-4 hours,4,3,3,1,3,3,3,3,23
Gunar Sprigin,40,Male,3-4 hours,2,3,2,2,1,3,1,3,17
Nicko Sindall,18,Male,2-3 hours,2,1,2,1,2,3,2,1,14
Jimmie Nation,32,Genderqueer,3-4 hours,3,2,4,4,2,4,3,4,26
Beverlee Gauge,31,Female,1-2 hours,4,4,3,1,4,3,4,3,26
Elwood Rowston,39,Male,1-2 hours,4,4,3,1,3,4,3,3,25
Dniren Burris,34,Female,3-4 hours,1,1,1,4,2,2,2,1,14
Reinaldos Tull,18,Male,More than 5 hours,2,1,3,3,1,2,1,3,16
Raynell Arnolds,37,Female,3-4 hours,1,1,1,3,2,1,2,2,13
Pietra Genery,25,Female,3-4 hours,1,1,2,1,1,1,1,2,10
Hollis Pullan,24,Male,2-3 hours,4,3,3,1,3,3,4,4,25
Jeane Rajchert,35,Female,More than 5 hours,1,2,2,3,2,2,1,2,15
Polly Pateman,33,Female,More than 5 hours,1,2,1,2,2,2,1,1,12
Ashia Scotchmur,25,Female,1-2 hours,1,2,1,2,1,1,2,2,12
Marabel Kinder,35,Female,More than 5 hours,2,1,2,1,1,2,3,2,14
Ely Eary,28,Agender,3-4 hours,3,3,2,4,2,2,3,3,22
Papagena Clopton,40,Genderqueer,2-3 hours,4,3,3,1,4,3,3,3,24
Rosette Quinnell,28,Female,2-3 hours,3,3,2,3,4,3,4,3,25
Cobby Bolderoe,40,Male,3-4 hours,2,2,2,1,2,1,1,2,13
Banky Minister,40,Bigender,2-3 hours,3,2,2,4,2,4,2,4,23
Wynn Church,16,Male,2-3 hours,3,2,3,2,2,4,2,4,22
Oates Treweela,40,Male,2-3 hours,2,2,1,4,3,1,2,3,18
Blair Knevet,23,Male,2-3 hours,1,1,2,4,2,1,2,2,15
Crissie Pymer,32,Female,3-4 hours,4,3,4,1,4,4,3,3,26
Roderick Bourton,40,Male,1-2 hours,4,3,3,1,3,4,4,4,26
Tades Grimes,20,Male,3-4 hours,3,4,3,4,3,3,3,2,25
Derwin Biddlestone,31,Male,2-3 hours,2,3,2,1,3,3,1,2,17
Oliver Hammatt,21,Male,3-4 hours,1,1,1,3,1,1,1,1,10
Dixie Bockman,20,Female,3-4 hours,4,3,4,1,4,3,4,4,27
Shayne Fabbri,26,Genderqueer,3-4 hours,1,2,2,4,2,2,1,2,16
Mary Longdon,24,Female,3-4 hours,4,4,3,1,3,4,3,3,25
Othello Hattiff,28,Male,1-2 hours,4,4,3,1,4,3,3,3,25
Khalil Bullivant,29,Male,3-4 hours,2,1,1,3,2,2,2,1,14
Laryssa Portail,39,Genderfluid,2-3 hours,4,3,4,1,3,3,4,4,26
Boyd Marsie,26,Male,2-3 hours,3,4,3,3,3,2,2,3,23
Jeri Machan,21,Female,1-2 hours,4,3,3,1,3,4,4,4,26
Mureil Drable,18,Female,More than 5 hours,1,1,2,3,2,1,2,1,13
Carlita Nisen,39,Female,3-4 hours,2,3,1,2,3,2,2,3,18
Randal Carsberg,18,Male,2-3 hours,2,2,2,1,3,1,1,1,13
Kakalina Alvy,39,Female,3-4 hours,3,4,4,4,3,4,3,3,28
Giacomo Bodicam,38,Male,2-3 hours,2,1,1,3,3,3,1,3,17
Valli Tourville,22,Female,1-2 hours,1,2,1,2,2,1,2,1,12
Britte Bartoloma,31,Female,1-2 hours,2,3,1,3,2,1,3,2,17
Janenna Leaver,37,Female,2-3 hours,1,1,1,4,1,2,1,2,13
Byram Birmingham,17,Male,3-4 hours,1,1,2,4,1,2,2,2,15
Curran Prestner,38,Male,3-4 hours,4,4,3,1,3,3,3,3,24
Caspar Scotchforth,26,Male,3-4 hours,1,2,1,4,1,2,2,2,15
Jeannie Barron,36,Genderfluid,More than 5 hours,3,2,3,1,3,4,3,3,22
Imogen Tarling,27,Female,More than 5 hours,4,4,4,1,3,4,3,4,27
Claudia Diss,29,Female,1-2 hours,2,3,3,3,1,3,3,1,19
Silas Thorndycraft,21,Male,1-2 hours,2,2,3,1,2,2,2,2,16
Eunice Doag,40,Female,More than 5 hours,3,3,3,2,2,3,4,4,24
Connor Rummery,20,Non-binary,3-4 hours,1,2,1,2,2,1,1,2,12
Barbi Huish,30,Female,1-2 hours,1,2,2,2,2,1,2,1,13
Tirrell Carwithim,22,Male,More than 5 hours,2,2,1,2,1,1,1,3,13
Dorene Bonds,35,Female,1-2 hours,1,2,2,1,1,2,2,2,13
Lorita Leveridge,23,Female,3-4 hours,4,4,3,1,4,4,4,3,27
Karol Stanlock,27,Female,More than 5 hours,4,3,3,1,4,4,3,3,25
Merrill Jeavons,23,Male,3-4 hours,3,4,4,4,3,4,4,2,28
Sander Bellord,33,Male,More than 5 hours,4,3,4,1,3,3,4,4,26
Nickie Cesconi,21,Male,More than 5 hours,3,3,4,3,2,2,3,3,23
Quintin Martinho,22,Male,3-4 hours,1,1,2,2,2,2,2,1,13
Nappy Roscher,27,Male,3-4 hours,1,2,2,1,1,2,2,2,13
Salvatore O' Hogan,37,Male,2-3 hours,2,1,3,3,2,1,1,3,16
Willdon Stoyle,16,Male,2-3 hours,1,2,1,1,2,1,2,2,12
Lora Maber,26,Female,2-3 hours,3,2,4,3,4,4,2,3,25
Brandice Mutimer,28,Female,3-4 hours,4,4,4,1,4,3,3,4,27
Kincaid Kovelmann,19,Male,2-3 hours,2,3,2,1,3,1,1,3,16
Rowe Biddell,29,Female,1-2 hours,4,3,4,1,4,4,4,3,27
Iggy Babbidge,24,Male,1-2 hours,1,1,2,4,2,2,2,2,16
Marja Filchagin,29,Female,3-4 hours,2,3,3,1,3,1,1,1,15
Mel Lawton,35,Male,More than 5 hours,2,3,2,2,2,2,1,3,17
Ira Darque,29,Female,3-4 hours,3,3,2,3,4,2,4,3,24
Whitney Dudhill,21,Female,2-3 hours,3,3,3,2,4,2,2,2,21
Madalena McGilmartin,27,Female,More than 5 hours,1,2,2,1,2,2,1,2,13
Niki Austen,40,Female,More than 5 hours,4,3,4,1,4,4,4,4,28
Andreas Facchini,30,Polygender,More than 5 hours,4,4,3,1,4,4,3,3,26
Marketa Pays,26,Female,2-3 hours,4,3,4,1,4,3,3,3,25
Flint Tomczak,25,Male,More than 5 hours,4,4,4,1,4,3,3,4,27
Wald Mouser,40,Male,1-2 hours,1,2,2,4,1,1,2,1,14
Darryl Woodyatt,32,Male,3-4 hours,4,3,4,1,4,4,4,3,27
Zia Barneville,32,Female,3-4 hours,4,3,4,1,4,3,3,4,26
Joyan Syers,35,Female,3-4 hours,4,3,4,1,4,4,4,4,28
Broddie Charker,27,Male,2-3 hours,3,3,2,2,3,2,2,2,19
Garrik Hembery,19,Male,3-4 hours,4,3,4,1,4,4,3,3,26
Weber Rackstraw,26,Male,More than 5 hours,2,1,2,2,3,3,2,3,18
Ulric Tewkesbury,19,Male,More than 5 hours,4,3,4,1,3,4,3,4,26
Ewan Behnke,15,Male,More than 5 hours,4,4,3,1,3,3,3,4,25
Zonda Aubrey,26,Female,More than 5 hours,3,4,2,4,4,2,4,2,25
Davida Triggol,16,Female,3-4 hours,3,2,3,1,2,2,4,3,20
Iolande Mattiazzi,33,Female,More than 5 hours,2,1,3,4,1,2,1,1,15
Giana Keats,34,Female,1-2 hours,2,3,1,1,2,2,2,1,14
Thaddeus Ubanks,18,Male,2-3 hours,2,1,3,4,1,3,3,2,19
Weber Davenhall,36,Male,1-2 hours,2,2,2,2,2,3,1,2,16
Corabella Lacase,25,Female,More than 5 hours,2,2,3,3,1,2,2,3,18
Batholomew Geldart,22,Male,1-2 hours,2,2,3,1,3,1,1,1,14
Lucinda Dinnies,38,Female,2-3 hours,4,4,3,1,4,3,4,4,27
Zita Perfitt,39,Female,1-2 hours,3,3,4,1,4,4,3,2,24
Wendel Elland,20,Male,3-4 hours,4,4,4,1,3,4,3,3,26
Sanders Verdey,36,Male,2-3 hours,2,1,2,2,3,1,1,1,13
Martino Huntington,36,Male,2-3 hours,4,4,3,1,4,3,4,4,27
Shae Brigstock,40,Male,2-3 hours,3,4,4,3,4,2,3,2,25
Nobie Shapira,15,Male,2-3 hours,4,3,4,1,4,4,4,3,27
Maxy Kristoffersson,22,Female,2-3 hours,3,4,3,2,3,2,4,3,24
Mart Tamburo,21,Male,2-3 hours,1,2,2,2,1,2,1,2,13
August Dalgety,32,Male,3-4 hours,1,1,1,4,1,1,2,1,12
Clayborn Dufall,21,Male,1-2 hours,4,4,3,1,4,3,4,3,26
Nev Pearcehouse,24,Genderfluid,More than 5 hours,4,3,4,1,3,4,4,4,27
Lorne Stoeckle,17,Male,More than 5 hours,4,4,4,1,3,4,4,3,27
Stefan Yarrow,29,Male,3-4 hours,4,3,3,1,4,4,3,4,26
Kiele Fernihough,40,Female,2-3 hours,1,2,2,2,2,1,1,2,13
Tandi Grishakin,21,Female,1-2 hours,1,2,2,1,1,2,1,2,12
Teena Exer,19,Genderfluid,2-3 hours,4,3,4,1,3,3,4,3,25
Harrie Rizzi,23,Female,3-4 hours,4,3,4,1,4,3,4,4,27
Alejoa Metzing,23,Male,More than 5 hours,2,3,3,2,1,3,2,2,18
Kendell Wetherick,33,Male,3-4 hours,1,2,2,4,1,1,1,2,14
Veronique Cobbled,27,Female,1-2 hours,2,2,1,4,2,3,3,3,20
Giffer Marthen,22,Male,2-3 hours,2,2,1,2,2,1,1,2,13
Doris Dabney,25,Female,1-2 hours,1,1,2,2,1,1,1,1,10
Kacey Sindell,24,Bigender,1-2 hours,4,3,4,1,3,4,4,4,27
Vinita Zanni,34,Female,2-3 hours,3,3,4,1,4,4,3,3,25
Mallorie Rich,27,Female,1-2 hours,3,2,4,2,2,4,4,4,25
Rozalin Bortoluzzi,23,Female,3-4 hours,1,2,1,2,1,1,1,2,11
Kessia Arenson,28,Female,1-2 hours,1,1,1,3,1,2,2,2,13
Donnell Readwin,39,Male,1-2 hours,2,3,1,4,2,1,2,1,16
Dotti Hallsworth,39,Female,More than 5 hours,4,4,4,1,3,4,4,4,28
Dionisio Mathis,40,Male,More than 5 hours,2,3,3,2,1,2,2,3,18
Lauren Hadfield,19,Female,2-3 hours,2,1,2,4,3,3,2,3,20
Gerik Colkett,34,Male,More than 5 hours,4,4,4,1,4,3,4,4,28
Zak Ceschi,19,Male,More than 5 hours,2,1,3,2,3,3,1,1,16
Lorens Bishop,38,Male,1-2 hours,3,4,2,2,3,2,3,4,23
Cassius Woolfenden,32,Male,1-2 hours,3,4,2,4,3,2,3,2,23
Dimitry Blakelock,29,Male,3-4 hours,4,3,4,1,4,3,3,4,26
Susanetta Sheilds,40,Female,2-3 hours,2,3,3,2,3,3,3,1,20
Arley covino,37,Male,1-2 hours,4,3,3,1,3,3,3,4,24
Nolana Keel,21,Female,More than 5 hours,3,4,2,2,4,3,4,3,25
Page Grange,17,Female,1-2 hours,4,3,4,1,4,4,4,3,27
Bertram Treneman,24,Male,More than 5 hours,2,3,3,4,3,2,2,1,20
Carley Wattisham,21,Female,More than 5 hours,1,2,2,2,1,1,2,1,12
Emery Dymick,28,Male,1-2 hours,4,3,4,1,4,4,3,3,26
Holly Millthorpe,15,Male,3-4 hours,1,1,2,4,2,2,2,1,15
Brady Betke,30,Male,More than 5 hours,1,1,2,1,1,1,1,2,10
Garvey Donwell,38,Male,3-4 hours,1,2,1,4,2,2,1,2,15
Cacilia Hatz,24,Genderqueer,2-3 hours,4,3,4,1,4,3,4,3,26
Javier Doniso,17,Polygender,3-4 hours,3,2,3,3,2,3,4,3,23
Byran Butterfield,16,Male,1-2 hours,3,3,4,3,4,3,2,3,25
Maure Wycliffe,33,Female,2-3 hours,2,1,1,3,3,1,2,3,16
Augustine Mithun,36,Male,More than 5 hours,2,1,3,2,2,2,2,3,17
Wanids Ivanishev,40,Female,3-4 hours,2,3,1,1,2,2,2,1,14
Roscoe Aizikovitz,36,Male,2-3 hours,4,3,3,1,3,4,4,4,26
Renado Shadbolt,33,Male,3-4 hours,3,2,4,1,2,2,4,3,21
Abbot Mooreed,28,Male,3-4 hours,1,2,1,4,2,2,2,2,16
Maia Slark,37,Female,2-3 hours,3,2,4,3,3,3,4,4,26
Raynard Gilyatt,31,Male,3-4 hours,4,4,4,1,3,3,4,4,27
Katherine Petz,39,Female,More than 5 hours,4,4,4,1,3,3,3,3,25
Rickert Ackery,33,Non-binary,More than 5 hours,3,4,2,3,3,4,2,2,23
Fey Gambie,24,Female,More than 5 hours,1,1,2,1,2,2,2,1,12
Dayna Crotty,18,Female,2-3 hours,3,3,2,2,4,3,3,4,24
Gabriell Simeoli,17,Female,3-4 hours,2,2,1,1,2,3,3,3,17
Hugibert Tedder,32,Male,3-4 hours,2,2,2,1,3,2,1,1,14
Tove Ealles,18,Female,More than 5 hours,1,2,1,3,2,1,2,1,13
Dirk Scoles,33,Male,1-2 hours,4,3,4,1,4,3,3,3,25
Lindsy Mildner,19,Female,More than 5 hours,2,1,2,3,2,2,2,1,15
Tomi Marden,23,Female,More than 5 hours,4,4,4,1,3,3,4,4,27
Howey Vincent,24,Male,3-4 hours,1,1,1,4,2,2,1,2,14
Lorry Roll,30,Female,More than 5 hours,2,3,3,1,3,1,3,1,17
Amberly Palister,16,Female,2-3 hours,4,3,4,1,4,4,3,4,27
Erika Vost,27,Female,3-4 hours,1,1,2,4,1,1,1,2,13
Mateo Ryton,21,Male,More than 5 hours,1,1,2,2,2,1,2,1,12
Mohandis Schiersch,31,Male,1-2 hours,3,2,2,1,2,4,4,3,21
Niels Veltman,40,Agender,More than 5 hours,4,4,4,1,3,4,4,4,28
Pepillo Rihanek,36,Male,3-4 hours,4,3,3,1,4,3,3,3,24
Rodd Kesterton,17,Male,3-4 hours,2,1,3,2,3,3,3,3,20
Gerald Westraw,28,Male,More than 5 hours,1,2,1,1,2,2,1,2,12
Kristoffer Worboy,18,Male,1-2 hours,2,3,1,1,2,3,2,1,15
Tudor Ruvel,20,Male,1-2 hours,4,4,3,1,4,3,3,3,25
Nell Groocock,17,Female,More than 5 hours,3,2,2,2,4,4,2,3,22
Zollie Oddie,36,Male,1-2 hours,4,4,3,1,4,4,3,3,26
Fredrick Towndrow,30,Male,3-4 hours,1,2,1,4,1,1,2,2,14
Dallis Hellens,28,Male,1-2 hours,3,3,3,2,3,3,2,4,23
Corinne Etchell,30,Female,3-4 hours,2,2,1,3,1,1,1,1,12
Darrin Bentzen,32,Male,1-2 hours,2,1,2,2,3,3,1,3,17
Buddy Lamzed,21,Male,3-4 hours,3,3,4,1,2,4,4,2,23
Trenton Sherringham,19,Male,3-4 hours,2,2,2,4,2,1,2,2,17
Griz Ditt,40,Male,2-3 hours,3,3,3,2,2,3,3,4,23
Sheila-kathryn Askam,17,Female,More than 5 hours,3,4,4,1,2,2,3,2,21
Bobbette Giraldon,35,Female,2-3 hours,4,4,3,1,3,4,3,3,25
Brucie Pirson,19,Male,2-3 hours,2,2,1,3,2,3,2,3,18
Almira Wilkennson,24,Female,3-4 hours,4,4,4,1,4,3,3,3,26
Sheffie Heliar,18,Non-binary,1-2 hours,2,2,2,2,2,1,3,3,17
Pattin Bonnett,30,Male,2-3 hours,3,2,2,4,4,3,2,2,22
Devin Chavey,25,Female,1-2 hours,4,3,4,1,3,3,3,4,25
Osborn Sofe,39,Bigender,More than 5 hours,4,3,4,1,3,4,3,3,25
Mellie Bowman,16,Female,2-3 hours,4,3,3,1,4,4,3,4,26
Gottfried Johanssen,28,Male,3-4 hours,4,4,3,1,3,3,4,3,25
Teddie Lum,18,Female,3-4 hours,3,4,4,2,4,4,2,2,25
Rozelle Bloschke,37,Female,3-4 hours,3,2,2,1,4,3,3,2,20
Stefanie Minghi,20,Female,1-2 hours,1,2,1,1,1,1,2,1,10
Erhard Hessle,21,Male,2-3 hours,2,1,1,3,1,2,3,3,16
Galen Issacoff,39,Male,More than 5 hours,1,2,2,2,2,2,1,2,14
Bordy Bellard,34,Male,3-4 hours,4,3,3,1,4,4,4,4,27
Josey MacLeese,17,Female,2-3 hours,2,1,1,2,2,2,1,1,12
Adelaide Sangster,30,Female,1-2 hours,2,2,1,2,2,1,1,1,12
Audrye Gormley,37,Genderfluid,1-2 hours,1,1,2,4,2,1,1,2,14
Malcolm Cuddehy,22,Male,2-3 hours,3,4,4,2,3,2,3,4,25
Brittany Tenby,35,Female,1-2 hours,1,2,1,2,2,2,2,1,13
Catie Basey,28,Female,More than 5 hours,4,4,4,1,3,4,4,4,28
Che Biesterfeld,25,Male,1-2 hours,2,3,3,4,1,1,3,3,20
Arlee Lundbeck,17,Female,1-2 hours,3,3,2,2,3,2,2,3,20
Marco Few,31,Male,3-4 hours,3,2,2,2,2,4,3,3,21
Ingemar Phalip,27,Male,3-4 hours,2,2,3,3,1,3,3,2,19
Alisha Grigorushkin,20,Female,More than 5 hours,4,3,3,1,4,3,4,3,25
Hieronymus Housby,21,Male,2-3 hours,2,1,1,4,1,1,1,1,12
Jobina Harse,27,Female,1-2 hours,2,2,3,4,3,3,2,2,21
Wash Cluderay,28,Male,More than 5 hours,2,2,1,1,3,3,3,2,17
Carmelina Brecon,16,Female,More than 5 hours,4,4,4,1,3,4,3,3,26
Seumas Lehrahan,28,Male,3-4 hours,4,3,4,1,4,4,4,3,27
Johan McGorman,32,Male,3-4 hours,3,2,2,2,3,3,4,3,22
Shara Atterley,20,Female,More than 5 hours,2,1,2,4,1,2,3,1,16
Rosalyn Jerzyk,34,Female,3-4 hours,2,2,1,1,1,1,2,2,12
Jeri Demcak,18,Female,2-3 hours,4,3,4,1,4,4,3,4,27
Malissia Mowles,18,Female,2-3 hours,2,2,2,2,2,3,1,1,15
Karole MacClancey,36,Non-binary,2-3 hours,4,3,3,1,3,3,4,4,25
Elora Widdop,32,Female,More than 5 hours,3,2,4,2,2,2,4,2,21
Patric Week,25,Male,3-4 hours,2,1,1,2,1,3,2,1,13
Tamar Roffey,25,Female,2-3 hours,2,3,2,3,2,1,2,2,17
Ulrich Dugall,40,Male,3-4 hours,3,2,3,4,3,4,4,4,27
Oran O'Kennavain,32,Male,3-4 hours,1,1,1,3,1,1,2,1,11
Barnett Scandroot,21,Male,1-2 hours,2,2,1,1,1,3,1,3,14
Wald Stickley,19,Male,3-4 hours,4,3,4,1,4,4,3,3,26
Fabien Sotheron,20,Male,1-2 hours,4,4,4,1,3,4,4,3,27
Carolyn Saffrin,35,Female,More than 5 hours,1,2,1,3,1,2,1,1,12
Mahmud McHardy,39,Agender,3-4 hours,4,3,4,1,4,4,4,3,27
Anastasie Grote,26,Female,1-2 hours,3,2,3,1,4,2,2,2,19
Simona Bute,27,Female,More than 5 hours,1,1,2,4,2,1,2,2,15
Mersey Rowlinson,25,Female,2-3 hours,4,3,3,1,3,4,4,4,26
Erin Risely,18,Male,1-2 hours,4,4,4,1,3,4,3,3,26
Sephira Handforth,23,Female,2-3 hours,1,1,2,2,1,1,2,1,11
Benedicta Brokenshire,18,Female,1-2 hours,4,3,3,1,3,3,4,3,24
Tull Pudding,18,Male,More than 5 hours,3,4,2,4,4,2,2,2,23
Thorndike Jeens,35,Male,1-2 hours,3,4,3,3,2,3,3,3,24
Meyer Neill,36,Male,More than 5 hours,2,3,2,3,1,3,1,2,17
Venus Cozins,24,Female,1-2 hours,4,4,3,1,3,4,4,3,26
Mohammed Mikalski,15,Male,More than 5 hours,1,1,2,3,2,2,1,2,14
Fae Fadell,32,Female,3-4 hours,2,1,2,2,3,3,1,1,15
Dede Goldup,35,Female,1-2 hours,3,4,3,3,3,3,3,3,25
Franny Okell,20,Female,More than 5 hours,1,2,1,3,2,2,1,2,14
Winnie Mowett,20,Male,1-2 hours,1,1,2,3,1,2,1,1,12
Hurleigh Pally,34,Male,2-3 hours,2,2,2,2,3,2,1,2,16
Booth Hutchin,16,Male,2-3 hours,4,4,4,1,3,4,3,3,26
Burnaby Jarrold,32,Agender,1-2 hours,2,1,2,3,2,2,3,2,17
Alisander Rispen,34,Male,3-4 hours,4,3,4,1,4,4,3,4,27
Amanda Lavalde,27,Female,3-4 hours,4,4,4,1,3,4,4,3,27
Renaud Piggott,36,Male,2-3 hours,4,3,4,1,4,4,4,4,28
Falito Sange,34,Male,3-4 hours,2,2,1,3,2,3,1,2,16
Ofelia Limpkin,40,Female,2-3 hours,4,4,3,1,4,4,4,4,28
Valle O'Connel,40,Male,1-2 hours,3,4,2,4,2,4,4,4,27
Guglielma Boyn,28,Female,3-4 hours,2,2,2,3,1,1,1,2,14
Elizabeth Elward,27,Female,More than 5 hours,2,3,2,3,2,2,3,1,18
Kirby Shearwood,24,Female,More than 5 hours,1,1,1,4,1,2,2,1,13
Bunni Moreland,37,Female,3-4 hours,1,1,2,4,2,1,2,1,14
Niko Severy,24,Male,1-2 hours,2,1,2,2,3,3,2,3,18
Buddy Foskin,18,Genderqueer,3-4 hours,3,4,4,1,3,3,2,2,22
Taffy Kinchin,23,Female,More than 5 hours,4,3,3,1,4,3,3,3,24
Chelsie Wyness,22,Female,More than 5 hours,3,2,3,1,2,3,2,4,20
Miguel Hinemoor,36,Male,2-3 hours,1,2,2,4,1,2,2,1,15
Adelina Le Breton De La Vieuville,22,Female,3-4 hours,4,4,4,1,3,3,4,4,27
York Fearby,32,Male,2-3 hours,3,4,2,1,2,3,2,2,19
Sasha Michelle,37,Female,More than 5 hours,2,2,2,1,1,2,1,2,13
Garnette Grzegorczyk,26,Female,2-3 hours,2,3,3,2,3,1,3,2,19
Parry Genner,20,Male,3-4 hours,4,4,3,1,4,4,4,3,27
Yovonnda Newell,17,Female,2-3 hours,2,1,2,3,3,1,3,2,17
Karyl Axleby,23,Female,More than 5 hours,4,4,4,1,4,4,4,4,29
Washington Erb,30,Male,3-4 hours,1,2,1,3,2,2,2,2,15
Brien Mickleborough,39,Male,More than 5 hours,2,2,3,4,1,2,2,3,19
Rufus Drepp,18,Male,More than 5 hours,3,2,2,3,3,2,3,2,20
Taylor Garoghan,27,Male,More than 5 hours,3,3,2,3,2,4,2,3,22
Giustino Kenlin,27,Male,1-2 hours,4,4,4,1,3,3,3,3,25
Ronnica Priddie,20,Female,2-3 hours,3,2,2,4,4,2,2,4,23
Damaris Murt,36,Female,2-3 hours,4,3,4,1,4,4,3,4,27
Kareem Bottomer,16,Male,2-3 hours,2,3,2,3,2,3,3,1,19
Fernando MacGarvey,29,Male,More than 5 hours,3,2,4,1,3,3,4,4,24
Ilysa Chesson,28,Female,1-2 hours,4,4,4,1,3,3,3,4,26
Rad Blitzer,25,Male,2-3 hours,1,2,1,2,2,1,1,2,12
Base Inseal,30,Male,More than 5 hours,2,2,2,1,3,1,1,2,14
Zuzana Bertin,31,Female,More than 5 hours,3,3,4,3,3,3,2,2,23
Almeria Liddall,39,Female,More than 5 hours,3,3,4,3,2,2,2,4,23
Alexandre Trevain,40,Agender,2-3 hours,3,3,3,1,3,3,4,4,24
Dorene Sposito,17,Female,More than 5 hours,4,4,4,1,4,4,3,4,28
Giustino Bonevant,19,Male,More than 5 hours,1,1,2,2,1,1,2,2,12
Anders Tixall,19,Male,3-4 hours,4,3,3,1,4,4,3,3,25
Dougie Fumagalli,16,Male,2-3 hours,2,2,1,1,1,3,1,2,13
Torrin Arney,37,Male,More than 5 hours,4,3,3,1,3,3,4,3,24
Devland Leile,25,Male,2-3 hours,4,4,4,1,4,4,3,4,28
Rici Geekie,40,Female,2-3 hours,3,4,4,3,2,4,3,3,26
Andrej Riding,31,Male,3-4 hours,4,3,3,1,3,3,3,3,23
Pancho Newcome,23,Male,1-2 hours,4,3,4,1,3,4,3,3,25
Debora Wreford,35,Female,2-3 hours,3,2,4,1,3,3,2,2,20
Aksel Dreier,26,Polygender,3-4 hours,1,2,2,3,1,1,1,1,12
Dionisio Rossey,29,Male,1-2 hours,2,3,1,1,2,3,2,3,17
Pauli Laminman,34,Female,1-2 hours,1,1,2,3,1,1,1,2,12
Dominique Cackett,23,Female,More than 5 hours,4,3,4,1,4,3,3,3,25
Chiarra Kainz,35,Female,More than 5 hours,4,4,4,1,4,3,4,3,27
Ulla Letchford,21,Female,3-4 hours,1,2,2,4,1,1,2,2,15
Colette Gateland,31,Female,3-4 hours,2,2,3,4,1,1,2,3,18
Keane Mangham,35,Male,2-3 hours,2,1,1,2,2,1,3,3,15
Darb Wilkenson,30,Non-binary,More than 5 hours,4,4,4,1,3,3,4,4,27
Stacia Pfleger,36,Female,1-2 hours,4,4,4,1,3,4,3,4,27
Catharina Hammerman,40,Female,1-2 hours,2,3,2,3,3,1,1,3,18
Bailey Fripp,24,Non-binary,3-4 hours,4,3,3,1,3,4,4,4,26
Camel Kidman,30,Non-binary,2-3 hours,1,2,2,2,1,2,2,1,13
Gregg Milton,31,Male,2-3 hours,4,3,4,1,4,3,4,4,27
Ruddie Bearne,21,Male,More than 5 hours,1,1,1,4,1,2,1,1,12
Matthaeus Crauford,40,Agender,1-2 hours,1,1,2,2,2,2,2,2,14
Filippa Officer,23,Female,3-4 hours,4,4,3,1,4,3,3,3,25
Cross Fidell,40,Male,1-2 hours,4,3,3,1,3,3,3,3,23
Gayla Hubbucks,19,Female,3-4 hours,2,3,2,1,3,2,1,3,17
Gothart Drohan,21,Male,2-3 hours,2,3,1,3,3,1,1,2,16
Reuben Foulds,15,Male,More than 5 hours,4,3,3,1,3,4,3,4,25
Sergio Azema,40,Male,More than 5 hours,2,3,1,2,2,2,2,2,16
Barret Freebury,27,Male,3-4 hours,4,3,3,1,3,3,4,4,25
Saunder Morgans,22,Male,2-3 hours,2,2,3,1,2,1,2,1,14
Laney Leonida,38,Female,3-4 hours,1,2,1,2,2,1,2,2,13
Osborn MacAlpine,27,Male,1-2 hours,3,4,3,1,4,2,3,3,23
Brigitte Rubens,25,Female,2-3 hours,3,3,4,3,4,2,4,2,25
Ryley Castilla,21,Male,2-3 hours,3,4,2,1,4,4,4,2,24
Jeno Artz,34,Male,More than 5 hours,4,3,4,1,3,4,4,3,26
Edward Rickert,37,Male,3-4 hours,2,3,3,1,3,2,2,2,18
Leigha Roizn,26,Female,3-4 hours,4,3,3,1,3,4,3,3,24
Gwyn Jedrzejewsky,19,Female,More than 5 hours,2,3,2,2,1,3,3,2,18
Katerine Fost,40,Female,2-3 hours,3,3,4,3,4,2,3,4,26
Georgeanne Phinnis,26,Female,1-2 hours,1,1,1,3,2,1,2,2,13
Barry Manwaring,39,Genderfluid,1-2 hours,3,2,3,1,4,3,2,4,22
Odella Sorby,28,Female,More than 5 hours,2,3,3,4,1,2,2,3,20
Donnie Crangle,40,Female,2-3 hours,4,3,3,1,4,3,4,4,26
Tybi Accombe,17,Female,1-2 hours,2,2,1,4,3,1,1,3,17
Colver Plesing,34,Male,2-3 hours,2,2,1,1,1,2,3,1,13
Rickard Akenhead,19,Male,1-2 hours,2,1,3,3,2,2,3,3,19
Kat Ransfield,26,Female,3-4 hours,1,2,2,4,2,2,1,1,15
Cobb Tommeo,38,Male,1-2 hours,2,2,2,4,2,1,1,2,16
Leo Conlon,21,Male,2-3 hours,4,4,4,1,4,3,3,3,26
Barr Godfree,27,Male,More than 5 hours,4,4,3,1,4,3,3,4,26
Rena Ladbrooke,20,Female,More than 5 hours,3,3,2,4,3,4,2,3,24
Rosalie Filan,16,Female,More than 5 hours,3,4,3,2,2,2,3,3,22
Wake Habishaw,27,Male,3-4 hours,4,3,3,1,3,3,4,4,25
Travis Fishpool,24,Male,3-4 hours,3,3,2,3,3,4,2,4,24
Rozele Cregin,33,Polygender,2-3 hours,1,1,2,4,1,1,1,2,13
Abie D'Elia,28,Male,2-3 hours,1,1,2,2,1,1,2,2,12
Lewiss Ricketts,30,Male,1-2 hours,1,1,1,4,2,2,1,1,13
Forrester Leatt,32,Male,3-4 hours,4,3,4,1,4,4,3,4,27
Rochelle Trengove,15,Female,3-4 hours,1,1,2,4,1,1,1,1,12
Ricardo Jennins,19,Male,1-2 hours,1,1,1,4,2,2,1,1,13
Carri Trevaskus,17,Female,More than 5 hours,4,4,3,1,3,3,4,3,25
Lindsey Aitken,31,Male,2-3 hours,2,1,1,2,2,1,2,2,13
Dannye Bridgens,20,Female,2-3 hours,1,2,2,1,2,2,1,1,12
Kevon Coade,25,Genderfluid,More than 5 hours,1,2,1,1,2,2,2,2,13
Vicki Slane,25,Female,1-2 hours,3,4,2,2,3,2,3,4,23
Caddric Kumar,39,Male,3-4 hours,2,2,3,4,1,1,1,1,15
Gus Phalp,22,Female,1-2 hours,1,1,2,1,2,2,2,2,13
Friederike McClay,33,Female,3-4 hours,2,3,1,3,2,1,3,1,16
Diena Aysh,15,Female,More than 5 hours,2,1,3,3,1,1,3,2,16
Paola Nesby,31,Female,More than 5 hours,1,1,2,1,1,1,1,2,10
Kelli Eadmeades,40,Female,More than 5 hours,2,2,2,1,3,1,1,3,15
George Stroband,34,Female,More than 5 hours,4,3,3,1,4,3,4,4,26
Brigida Taig,21,Female,1-2 hours,1,2,2,4,1,1,2,2,15
Gayel Seeks,19,Female,2-3 hours,4,3,4,1,4,3,3,4,26
Tyrone Redit,32,Male,2-3 hours,4,3,3,1,3,3,4,3,24
Twila Camillo,15,Female,More than 5 hours,1,1,2,3,1,2,1,2,13
Bastian Roulston,40,Male,3-4 hours,4,3,4,1,4,3,4,4,27
Templeton Baldacchino,28,Male,3-4 hours,2,2,2,4,1,2,3,1,17
Albrecht Wabersich,18,Male,3-4 hours,3,2,2,1,4,2,4,3,21
Logan Tapsell,21,Male,2-3 hours,4,3,3,1,3,3,4,3,24
Vinni Dedden,29,Bigender,3-4 hours,3,4,3,3,3,2,2,3,23
Smith Tipple,38,Male,3-4 hours,3,4,3,1,4,3,3,3,24
Lavina Neilus,20,Female,More than 5 hours,2,3,1,2,1,3,3,2,17
Rafaelia Salaman,40,Female,2-3 hours,3,3,2,1,4,2,3,2,20
Galven Crickett,28,Male,2-3 hours,1,1,1,4,2,1,1,2,13
Ramsay Arrundale,22,Male,2-3 hours,3,3,4,4,2,3,3,3,25
Lem Haccleton,16,Male,2-3 hours,2,1,2,4,1,3,3,1,17
Parry Durnall,19,Polygender,3-4 hours,4,4,3,1,3,4,3,4,26
Julian Barock,17,Male,3-4 hours,2,1,3,3,3,3,2,1,18
Aviva Scutter,28,Female,2-3 hours,1,2,1,1,2,1,1,1,10
Carlin Solland,34,Female,1-2 hours,2,2,1,3,2,3,2,1,16
Nickie Lowres,39,Male,3-4 hours,4,4,4,1,3,4,4,4,28
Kliment Alderson,27,Male,More than 5 hours,2,3,1,4,3,2,1,2,18
Wayne Schieferstein,25,Male,3-4 hours,2,3,1,2,2,2,2,2,16
Tedra Wynrahame,24,Female,More than 5 hours,2,2,2,2,2,3,2,1,16
Anitra Balogh,28,Female,2-3 hours,2,2,2,2,1,3,3,2,17
Meriel Tinniswood,19,Female,More than 5 hours,4,4,3,1,3,4,3,4,26
Had Allingham,34,Male,1-2 hours,2,3,3,4,1,2,1,1,17
Nevil Kleiner,33,Male,1-2 hours,2,1,2,1,3,2,1,3,15
Parrnell Inns,40,Male,2-3 hours,1,2,2,1,2,1,2,2,13
Laughton Perritt,25,Male,1-2 hours,4,3,4,1,3,3,3,3,24
Guinevere Crew,37,Female,2-3 hours,1,1,1,1,1,2,1,2,10
Agata Entissle,15,Female,3-4 hours,4,3,3,1,4,3,4,3,25
Anthony Duchatel,27,Male,2-3 hours,1,2,2,4,1,2,1,1,14
Quintilla Jeffress,40,Female,3-4 hours,3,2,3,2,3,2,3,2,20
Caren Bille,29,Female,2-3 hours,2,3,2,4,3,2,2,2,20
Dinah Doorey,37,Female,3-4 hours,2,2,1,1,1,2,3,1,13
Elias Yoselevitch,30,Agender,2-3 hours,4,4,3,1,3,4,3,4,26
Bride Dennehy,25,Female,1-2 hours,1,1,2,1,2,2,2,2,13
Marcel Pentlow,16,Male,1-2 hours,2,2,3,3,1,2,3,3,19
Malissa Barlass,16,Female,More than 5 hours,1,1,1,1,1,2,2,1,10
Kellby Downes,20,Male,2-3 hours,2,1,2,3,3,1,2,3,17
Cynthea Dolligon,39,Female,1-2 hours,3,4,3,1,3,3,4,3,24
Amberly Dobbings,27,Female,3-4 hours,4,4,4,1,3,3,3,4,26
Traver Fardo,16,Genderfluid,2-3 hours,3,4,3,4,4,4,2,3,27
Siusan Sisselot,18,Agender,2-3 hours,2,1,1,4,2,3,3,3,19
Trevor Braunthal,22,Male,2-3 hours,4,4,4,1,3,4,3,3,26
Sly Kiebes,25,Male,3-4 hours,2,2,1,3,3,1,2,2,16
Xymenes Stoker,40,Male,2-3 hours,3,3,4,2,2,3,4,2,23
Bron Delafont,32,Male,1-2 hours,4,3,3,1,3,4,3,4,25
Helen-elizabeth Meakes,35,Female,3-4 hours,3,2,4,1,3,2,3,3,21
Onida Vanyutin,17,Female,More than 5 hours,3,4,2,3,2,4,4,4,26
Jon Grinin,22,Male,3-4 hours,2,1,3,1,3,3,2,1,16
Fletch Putterill,40,Male,More than 5 hours,2,1,3,3,2,1,1,2,15
Winnie Dummigan,32,Male,1-2 hours,4,3,4,1,4,4,4,4,28
Sampson Slocum,39,Male,1-2 hours,3,3,4,3,4,2,4,3,26
Andreas Mowen,26,Male,More than 5 hours,4,4,3,1,4,3,3,3,25
Fletcher Bilbery,39,Male,More than 5 hours,3,2,2,2,3,4,2,4,22
Alistair Doddemeade,37,Male,More than 5 hours,3,4,4,1,4,4,4,2,26
Torin Backshill,15,Male,1-2 hours,1,1,1,1,2,2,2,1,11
Dana Armfirld,35,Genderfluid,2-3 hours,2,1,1,2,3,1,3,2,15
Tracy Illes,28,Male,1-2 hours,3,2,3,2,4,2,3,2,21
Sophronia Flatman,15,Female,1-2 hours,3,3,3,3,2,3,3,4,24
Adara Elmer,23,Female,1-2 hours,1,2,2,1,1,2,2,1,12
Marshall Merrgen,26,Male,2-3 hours,1,1,2,2,2,2,2,2,14
Yuri Glenton,38,Male,2-3 hours,1,2,1,2,2,2,2,1,13
Gillan Broadfoot,22,Female,3-4 hours,3,2,2,4,3,4,2,3,23
Benton Guinnane,34,Male,1-2 hours,2,2,2,1,1,1,1,1,11
Emmie Pencot,37,Female,More than 5 hours,3,4,4,4,3,2,4,4,28
Jackquelin Cracoe,29,Female,3-4 hours,2,2,3,3,3,2,1,2,18
Alfred Bowick,37,Male,3-4 hours,2,1,1,1,1,3,3,2,14
Cookie Anyene,21,Female,1-2 hours,1,1,1,1,2,1,2,2,11
Ezri Frensche,29,Male,1-2 hours,1,2,2,4,1,1,2,2,15
Aguste Rubinek,32,Male,More than 5 hours,4,3,4,1,3,4,3,3,25
Rance Niese,18,Male,3-4 hours,2,1,2,4,1,1,1,2,14
Isaiah Steade,20,Male,3-4 hours,4,4,3,1,4,4,4,4,28
Frasco Sapena,35,Male,3-4 hours,4,4,3,1,4,3,3,4,26
Clemens Becks,30,Male,1-2 hours,2,3,1,2,2,1,2,1,14
Ruperta Ambrosi,20,Female,More than 5 hours,4,3,4,1,4,3,3,3,25
Minda Ades,25,Female,2-3 hours,3,3,2,3,3,2,4,2,22
Lancelot Ondricek,21,Male,More than 5 hours,2,3,1,1,1,3,3,2,16
Hewett Tethcote,34,Male,More than 5 hours,2,3,1,1,2,2,3,3,17
Garek Rennard,34,Male,3-4 hours,3,2,3,2,3,2,2,4,21
Roscoe Rowney,18,Male,More than 5 hours,4,3,4,1,4,3,3,4,26
Jarvis Wogan,40,Male,2-3 hours,3,3,3,4,4,2,4,4,27
Art Buckell,28,Male,More than 5 hours,3,2,3,1,4,2,2,3,20
Eadmund Henricsson,39,Male,More than 5 hours,3,2,3,1,3,2,4,3,21
Fleurette Lande,23,Female,3-4 hours,3,2,3,3,4,2,2,2,21
Valerye De Minico,21,Female,1-2 hours,2,3,1,3,3,1,1,3,17
Polly Alekhov,24,Female,More than 5 hours,2,1,3,2,2,1,1,3,15
Borg Stanion,29,Male,2-3 hours,4,3,3,1,3,4,4,3,25
Christabella Murthwaite,38,Female,1-2 hours,3,4,2,1,2,3,3,2,20
Kippar Ingliss,25,Polygender,3-4 hours,2,1,3,1,1,3,3,2,16
Shermie Janiszewski,40,Male,1-2 hours,4,3,3,1,4,4,4,4,27
Velma McKevin,35,Female,3-4 hours,4,3,4,1,4,4,4,3,27
Pryce Lerner,38,Male,More than 5 hours,4,3,3,1,3,3,4,3,24
Maurizia Brissard,35,Non-binary,3-4 hours,4,3,4,1,3,3,4,4,26
Roseann Blevin,18,Female,2-3 hours,1,2,1,3,2,1,1,2,13
Reinwald Tidbald,31,Agender,3-4 hours,2,3,3,4,1,3,2,1,19
Loy Deschelle,31,Male,3-4 hours,4,3,3,1,3,3,3,3,23
Huntlee Ringe,17,Male,1-2 hours,1,2,2,1,2,1,2,1,12
Codi Karlqvist,35,Female,1-2 hours,2,3,1,4,2,3,3,1,19
Corabelle Manilo,17,Female,More than 5 hours,4,4,4,1,4,4,4,4,29
Susette Porkiss,20,Female,2-3 hours,2,2,2,2,1,1,3,1,14
Rosalynd Ratray,36,Female,3-4 hours,2,1,2,4,1,2,1,3,16
Ernest Ragge,31,Male,2-3 hours,1,1,2,1,1,1,1,2,10
Cameron Sandwich,30,Male,1-2 hours,1,2,1,1,1,2,2,1,11
Paige Freegard,35,Female,2-3 hours,1,1,2,4,2,1,1,2,14
Kathe Lippi,15,Female,3-4 hours,4,3,4,1,4,4,4,4,28
Arron Woofendell,23,Polygender,2-3 hours,2,2,3,3,2,3,1,3,19
Barn Klulisek,39,Genderfluid,1-2 hours,1,2,2,2,2,2,2,2,15
Wallie Reynalds,17,Female,2-3 hours,3,2,2,2,2,2,2,3,18
Biddy Gerrard,29,Female,3-4 hours,1,2,2,1,1,1,2,1,11
Kali Threader,28,Female,3-4 hours,2,2,1,3,3,3,2,3,19
Loren Kingscote,29,Bigender,More than 5 hours,4,3,3,1,3,3,3,3,23
Terza Biasotti,38,Genderfluid,1-2 hours,2,2,2,3,3,3,2,3,20
Hally Petyanin,21,Female,1-2 hours,2,1,1,1,2,1,1,3,12
Trent Kemmey,25,Male,2-3 hours,1,1,2,3,1,1,1,2,12
Torey Catterick,26,Female,3-4 hours,1,1,2,4,2,1,1,2,14
Shandee Bowker,19,Female,2-3 hours,3,4,3,3,3,4,3,4,27
Lucia Aidler,18,Female,1-2 hours,1,1,1,3,2,1,2,1,12
Costa Stithe,40,Polygender,2-3 hours,4,4,4,1,4,3,3,3,26
Basil O'Scollain,32,Male,1-2 hours,4,3,4,1,3,3,3,4,25
Dede Shillom,21,Female,More than 5 hours,2,3,2,4,2,2,1,1,17
Nancee Claeskens,23,Female,More than 5 hours,2,3,3,4,2,1,1,3,19
Jermayne Hagard,32,Male,1-2 hours,4,3,4,1,4,4,4,4,28
Adolpho Gumme,33,Male,3-4 hours,4,4,4,1,3,4,3,4,27
Tiffi Davoren,24,Female,2-3 hours,2,2,1,2,3,3,3,3,19
Darryl Trevaskis,37,Female,2-3 hours,3,3,3,4,2,4,3,3,25
Gasper De Carlo,17,Male,More than 5 hours,2,1,2,2,3,1,1,2,14
Eliza Flatman,37,Female,2-3 hours,1,1,2,3,2,1,1,1,12
Elysha Thatcher,29,Female,2-3 hours,3,4,3,1,3,2,4,2,22
Maddie de Juares,34,Genderfluid,More than 5 hours,3,3,2,1,3,4,3,4,23
Far Harrell,20,Male,1-2 hours,3,4,4,4,4,4,2,3,28
Wenonah Marguerite,20,Female,3-4 hours,4,4,3,1,3,3,3,3,24
Georgie Poter,27,Male,1-2 hours,2,1,3,2,3,2,2,1,16
Renado Karadzas,32,Male,1-2 hours,2,2,2,2,1,2,2,1,14
Rip Layhe,26,Male,More than 5 hours,1,2,1,2,1,1,2,1,11
Derk Simeons,28,Male,More than 5 hours,1,1,1,3,2,1,1,2,12
Cass Prydden,35,Male,2-3 hours,1,2,2,2,2,1,1,2,13
Grange Cuniffe,18,Male,2-3 hours,3,4,3,3,4,4,4,4,29
Shel Mervyn,33,Bigender,1-2 hours,4,3,4,1,3,3,3,4,25
Blayne Redan,40,Male,1-2 hours,3,2,2,2,2,4,4,2,21
Bartholomeus Sollon,17,Male,2-3 hours,3,4,2,4,3,2,4,2,24
Ellynn Himsworth,36,Female,1-2 hours,3,2,4,1,4,4,2,4,24
Ulla Laurens,20,Genderfluid,3-4 hours,1,1,2,4,2,1,2,1,14
Flint Drakeley,15,Male,2-3 hours,4,4,3,1,3,4,3,3,25
Chen Bertie,34,Male,1-2 hours,4,3,3,1,4,3,3,4,25
Emile Bartos,20,Male,2-3 hours,4,3,3,1,3,4,4,3,25
Tally McGlaughn,34,Male,3-4 hours,4,3,4,1,3,3,3,3,24
Gasparo Cobon,33,Male,3-4 hours,1,2,1,2,2,1,1,1,11
Dun Meach,23,Male,1-2 hours,1,2,1,2,1,2,1,1,11
Twila Ghest,17,Female,More than 5 hours,4,4,4,1,4,3,3,4,27
Liam Giacobilio,21,Male,More than 5 hours,1,1,2,3,2,2,1,1,13
Jo Karpmann,28,Male,More than 5 hours,2,2,1,2,1,1,2,1,12
Jeana Papachristophorou,35,Female,More than 5 hours,2,1,1,3,1,3,3,2,16
Nesta Petrillo,24,Female,1-2 hours,3,2,2,1,4,2,4,2,20
Roi Makey,27,Male,More than 5 hours,2,3,2,2,1,1,3,1,15
Cyndi Lead,39,Female,3-4 hours,4,3,3,1,4,4,4,4,27
Corena Greenroad,27,Female,More than 5 hours,4,4,4,1,3,3,4,4,27
Shell Dalyiel,24,Female,2-3 hours,4,3,3,1,4,4,4,3,26
Farly Kender,24,Male,More than 5 hours,1,2,1,1,1,1,2,2,11
Tine Stanyan,32,Female,3-4 hours,3,3,3,3,2,3,2,2,21
Mable McCraine,21,Female,1-2 hours,2,1,2,4,1,2,1,1,14
Briny Simoneton,36,Female,2-3 hours,1,2,2,1,1,1,1,2,11
Cecil Volonte,23,Male,More than 5 hours,2,2,3,3,2,1,2,3,18
Simone Collicott,23,Male,2-3 hours,1,1,1,3,2,2,2,2,14
Gilburt Rothwell,19,Male,More than 5 hours,1,1,1,3,2,2,2,2,14
Kathlin Staddart,20,Female,1-2 hours,1,1,1,4,2,1,2,1,13
Ladonna Old,40,Female,3-4 hours,3,2,3,2,3,4,2,2,21
Morissa Scholte,40,Female,3-4 hours,3,2,3,3,4,4,2,4,25
Thomasine Raun,20,Female,2-3 hours,1,1,2,2,1,2,1,1,11
Georgeanna Wickett,33,Female,More than 5 hours,2,2,1,3,2,1,1,2,14
Dedra Toynbee,15,Female,2-3 hours,3,2,3,2,3,4,2,3,22
Trevor Lanchester,29,Male,1-2 hours,1,1,2,2,1,2,1,1,11
Beatrisa Snaddon,24,Female,2-3 hours,1,1,2,1,1,2,1,2,11
Bartie Myderscough,31,Male,2-3 hours,2,2,1,2,2,3,2,1,15
Suellen MacNeish,33,Female,3-4 hours,3,4,4,2,3,4,2,3,25
Knox Oldale,31,Male,1-2 hours,4,3,4,1,3,4,4,3,26
Derril Cobbing,20,Male,More than 5 hours,2,1,3,3,1,3,3,2,18
Gabriello Ambroz,17,Male,2-3 hours,4,4,4,1,4,4,3,4,28
Inessa Scobbie,36,Female,2-3 hours,4,4,3,1,4,4,3,3,26
Sheeree Laux,30,Female,2-3 hours,4,3,3,1,4,4,3,4,26
Earlie Andress,35,Male,2-3 hours,3,2,4,4,4,3,4,2,26
Keven Godber,31,Male,More than 5 hours,1,2,1,2,1,2,1,1,11
Garwood Hartin,29,Male,3-4 hours,3,4,4,1,3,3,4,3,25
Llywellyn Hauxby,16,Male,3-4 hours,4,4,3,1,3,4,3,4,26
Blakelee Pfeifer,29,Bigender,3-4 hours,3,4,4,3,4,4,4,2,28
Erv Oldroyd,28,Male,More than 5 hours,3,2,4,1,4,2,3,4,23
Dani Girkins,23,Female,3-4 hours,2,1,1,4,1,3,1,2,15
Shayna Swiggs,40,Female,2-3 hours,2,1,2,1,2,3,3,1,15
Pauly Van der Son,37,Male,More than 5 hours,2,3,1,2,1,1,3,1,14
Sigismondo Laurenzi,37,Male,1-2 hours,1,2,2,2,1,2,2,1,13
Codi Di Giacomettino,23,Male,More than 5 hours,2,1,3,3,2,1,3,2,17
Marjie Andrivel,27,Female,1-2 hours,2,2,1,2,3,2,3,1,16
Rickard Warkup,16,Male,3-4 hours,1,1,2,2,1,1,1,1,10
Micki Papps,18,Female,3-4 hours,3,4,2,1,4,3,4,3,24
Wit Mayow,33,Male,More than 5 hours,4,3,4,1,3,4,3,3,25
Lin Assel,20,Male,2-3 hours,1,1,2,3,1,1,2,1,12
Laure Jira,27,Female,2-3 hours,4,3,3,1,4,3,4,4,26
Ives Haeslier,19,Male,1-2 hours,2,2,3,2,3,1,1,3,17
Hardy Mardy,37,Male,More than 5 hours,4,4,3,1,3,3,4,4,26
Jaymee Husher,37,Female,2-3 hours,1,2,2,1,2,1,1,2,12
Angil Fulstow,21,Female,1-2 hours,2,1,3,2,1,1,3,3,16
Candi Cowlard,24,Female,3-4 hours,4,3,4,1,4,3,3,3,25
Marion Espina,24,Female,3-4 hours,4,3,4,1,4,4,4,4,28
Tedra Tiernan,23,Female,2-3 hours,4,3,3,1,4,4,4,4,27
Reine Penzer,33,Female,1-2 hours,1,1,1,1,2,2,2,2,12
Prudi Davidsen,35,Female,2-3 hours,4,3,4,1,3,4,3,3,25
Kalvin Anwell,25,Male,1-2 hours,1,1,1,4,1,1,1,1,11
Verile Scatchard,36,Female,1-2 hours,2,3,2,1,1,1,2,3,15
Stepha Guerri,17,Genderqueer,2-3 hours,4,3,4,1,4,4,3,3,26
Querida Streak,15,Female,3-4 hours,2,1,3,3,1,3,1,3,17
Felice Taylot,33,Female,More than 5 hours,3,3,4,2,4,4,4,4,28
Kelly Offer,32,Male,1-2 hours,4,4,4,1,4,4,4,3,28
Caprice Stert,26,Female,3-4 hours,2,2,1,4,3,3,2,1,18
Delores Aisbett,33,Genderqueer,1-2 hours,1,2,2,3,1,2,2,2,15
Janey Reek,40,Female,3-4 hours,4,4,3,1,4,3,4,4,27
Casandra Govan,28,Female,2-3 hours,2,3,2,3,3,2,2,2,19
Gerhardt Toon,37,Male,3-4 hours,3,3,3,4,4,4,4,4,29
Luce Kivelle,21,Female,More than 5 hours,1,2,2,2,1,1,2,2,13
Stacie Dumingos,20,Female,More than 5 hours,1,2,1,2,2,1,1,1,11
Maryellen McFarlane,23,Female,2-3 hours,4,4,3,1,4,3,3,4,26
Jimmie Huffadine,27,Male,3-4 hours,1,1,1,2,2,2,1,1,11
Terrance Maddicks,32,Male,2-3 hours,4,3,3,1,3,4,3,3,24
Aldis Walsom,39,Male,More than 5 hours,4,3,3,1,4,4,3,3,25
Berkley Windmill,38,Male,1-2 hours,4,4,3,1,3,3,3,4,25
Bessy Smyley,22,Female,More than 5 hours,2,3,3,1,2,3,1,2,17
Honey Bennett,27,Female,3-4 hours,1,2,2,4,1,2,1,1,14
Lyon Merman,35,Male,2-3 hours,4,3,4,1,4,4,4,4,28
Marietta Bridson,36,Male,3-4 hours,3,3,2,1,4,3,3,3,22
Dolores Hardway,24,Female,3-4 hours,4,4,4,1,4,4,3,4,28
Alyce Jordan,30,Female,1-2 hours,4,4,4,1,4,4,3,4,28
Kathy Ranby,16,Female,3-4 hours,2,3,3,2,3,2,3,1,19
Aurlie Cully,33,Female,More than 5 hours,2,1,3,4,1,2,3,2,18
Merralee Dendon,21,Female,3-4 hours,2,1,3,4,2,2,3,3,20
Johann Gayden,26,Male,3-4 hours,3,3,4,1,2,4,4,4,25
Godard Josefer,33,Male,2-3 hours,2,1,1,1,1,2,2,2,12
Chico Ordidge,15,Male,More than 5 hours,3,2,3,2,2,2,3,2,19
Barnaby Wells,26,Genderfluid,1-2 hours,2,2,2,4,1,3,2,1,17
Laurie Buffery,37,Female,3-4 hours,4,4,3,1,3,3,3,4,25
Spencer Bolduc,29,Male,2-3 hours,4,4,4,1,3,3,3,3,25
Kimbell Plumtree,33,Male,3-4 hours,4,4,4,1,3,4,3,3,26
Demetre Itzakson,18,Male,More than 5 hours,2,3,1,4,2,1,1,1,15
Karlan Lovering,20,Bigender,3-4 hours,2,1,1,2,2,1,3,1,13
Britni Shepherdson,35,Non-binary,1-2 hours,2,2,3,3,3,1,2,2,18
Juliette Dany,19,Female,2-3 hours,3,2,4,3,4,2,4,3,25
Sari Levington,18,Female,2-3 hours,4,4,3,1,4,4,3,4,27
Abrahan Rusling,24,Male,3-4 hours,2,2,3,3,3,1,1,1,16
Clayborn Szepe,32,Male,More than 5 hours,4,4,4,1,4,3,4,3,27
Jacquelin Gruszecki,20,Agender,2-3 hours,2,2,3,1,1,2,3,2,16
Roarke Mecozzi,27,Male,More than 5 hours,2,3,2,1,3,1,1,1,14
Florentia Pilgram,27,Female,1-2 hours,2,1,3,3,3,2,2,1,17
Eberhard Widmoor,20,Male,3-4 hours,1,2,1,1,2,1,2,1,11
Beverley Mainds,20,Female,2-3 hours,4,4,3,1,3,3,3,4,25
Jere Shaplin,30,Female,1-2 hours,4,3,3,1,3,3,4,4,25
Hughie Rowet,36,Male,3-4 hours,4,3,3,1,4,4,4,3,26
Elle Rabbitt,33,Female,1-2 hours,2,3,2,1,2,3,2,2,17
